Ronaldo,https://wallpapercave.com/wp/wp7526486.png,https://resources.premierleague.com/premierleague/photos/players/250x250/p14937.png,91,Anfallare,
Ronaldo,https://wallpapercave.com/wp/wp7526486.png,https://resources.premierleague.com/premierleague/photos/players/250x250/p14937.png,91,Anfallare,
Ronaldo,https://wallpapercave.com/wp/wp7526486.png,https://resources.premierleague.com/premierleague/photos/players/250x250/p14937.png,91,Anfallare,
Ronaldo,https://wallpapercave.com/wp/wp7526486.png,https://resources.premierleague.com/premierleague/photos/players/250x250/p14937.png,91,Anfallare,
Ronaldo,https://wallpapercave.com/wp/wp7526486.png,https://resources.premierleague.com/premierleague/photos/players/250x250/p14937.png,91,Anfallare,
Ronaldo,https://wallpapercave.com/wp/wp7526486.png,https://resources.premierleague.com/premierleague/photos/players/250x250/p14937.png,91,Anfallare,
Ronaldo,https://wallpapercave.com/wp/wp7526486.png,https://resources.premierleague.com/premierleague/photos/players/250x250/p14937.png,91,Anfallare,
Ronaldo,https://wallpapercave.com/wp/wp7526486.png,https://resources.premierleague.com/premierleague/photos/players/250x250/p14937.png,91,Anfallare,
Ronaldo,https://wallpapercave.com/wp/wp7526486.png,https://resources.premierleague.com/premierleague/photos/players/250x250/p14937.png,91,Anfallare,
Ronaldo,https://wallpapercave.com/wp/wp7526486.png,https://resources.premierleague.com/premierleague/photos/players/250x250/p14937.png,91,Anfallare,
Ronaldo,https://wallpapercave.com/wp/wp7526486.png,https://resources.premierleague.com/premierleague/photos/players/250x250/p14937.png,91,Anfallare,
Ronaldo,https://wallpapercave.com/wp/wp7526486.png,https://resources.premierleague.com/premierleague/photos/players/250x250/p14937.png,91,Anfallare